[
    {
        "id": 1,
        "title": "The Martian",
        "author": "Andy Weir",
        "year_published": 2011
    },
    {
        "id": 2,
        "title": "How Not to Die",
        "author": "Michael Greger",
        "year_published": 2015
    },
    {
        "id": 3,
        "title": "Book Lovers",
        "author": "Emily Henry",
        "year_published": 2022
    },
    {
        "id": 4,
        "title": "Becoming",
        "author": "Michelle Obama",
        "year_published": 2018
    },
    {
        "id": 5,
        "title": "Cosmos",
        "author": "Carl Sagan",
        "year_published": 1980
    },
    {
        "id": 6,
        "title": "Naked Statistics: Stripping the Dread from the Data",
        "author": "Charles Wheelan",
        "year_published": 2012
    },
    {
        "id": 7,
        "title": "Harry Potter and the Chamber of Secrets",
        "author": "J.K. Rowling",
        "year_published": 1998
    },
    {
        "id": 8,
        "title": "Jane Eyre",
        "author": "Charlotte Bronte",
        "year_published": 1847
    },
    {
        "id": 9,
        "title": "Pro Git",
        "author": "Ben Straub",
        "year_published": 2009
    },
    {
        "id": 10,
        "title": "The Burnout Society",
        "author": "Byung-Chul Han",
        "year_published": 2010
    }
]