﻿Book_ID,Book_Title,Book_Author,Base_Late_Fee,Additional_Late_Fee_Cumulating_Daily
1,The Martian,Andy Weir,5,1.75
2,How Not to Die,Michael Greger,2,1
3,Book Lovers,Emily Henry,2.25,1.5
4,Becoming,Michelle Obama,2,1
5,Cosmos,Carl Sagan,1.75,0.75
6,Naked Statistics: Stripping the Dread from the Data,Charles Wheelan,1.5,0.5
7,Harry Potter and the Chamber of Secrets,J.K. Rowling,7,3
8,Jane Eyre,Charlotte Bronte,3,1.5
9,Pro Git,Ben Straub,1.25,0.5
10,The Burnout Society,Byung-Chul Han,1,0.5
